{
    "available_space": true,
    "id": "f",
    "size_max": 39.11456871032715,
    "size_mean": 10.228813061347374,
    "size_min": 1.8345975875854492,
    "total_size": 797.8474187850952
}