{
    "available_space": true,
    "size_max": 39.11456871032715,
    "size_mean": 10.228813061347374,
    "size_min": 1.8345975875854492,
    "total_size": 797.8474187850952,
    "video_list": {
        "FNAF Song - 'I Got No Time' by The Living Tombstone (CG5 Remix)-4FDHdWYWTzY.mp4": {
            "size": 13.275043487548828
        },
        "FOALS - Birch Tree [Official Music Video]-pFkGvVFdx-o.mp4": {
            "size": 16.725314140319824
        },
        "FOALS - Birch Tree [Official Music Video].mp4": {
            "size": 16.725314140319824
        },
        "FOALS - Exits [Official Music Video].mp4": {
            "size": 23.16761875152588
        },
        "FOALS - Into The Surf [Official Music Video]-itVDaqZz2cI.mp4": {
            "size": 13.480510711669922
        },
        "FOALS - Into The Surf [Official Music Video].mp4": {
            "size": 13.480510711669922
        },
        "FOALS - Neptune [Official Music Video]-Tw4w0Qh-d08.mp4": {
            "size": 33.45155429840088
        },
        "FOTHER MUCKERS - OLA DE TERROR (VIDEO OFICIAL)-zPdp8uNDx60.mp4": {
            "size": 16.71052074432373
        },
        "Faith No More - Epic (Official Music Video)-ZG_k5CSYKhg.mp4": {
            "size": 21.18472671508789
        },
        "Fallas Del Sistema - Anarquico Es El Pensamiento-8NtUjqS3yQM.mp4": {
            "size": 2.824151039123535
        },
        "Fallas Del Sistema - El Miedo Es La Esclavitud-xp_sB7uir1c.mp4": {
            "size": 4.729409217834473
        },
        "Fallas Del Sistema - Globalicemos La Resistencia-HLh1ORVf9qQ.mp4": {
            "size": 7.510245323181152
        },
        "Fallas Del Sistema - Multinacionales De Hambre Y Miseria-J7qgutAPNAo.mp4": {
            "size": 5.481804847717285
        },
        "Fallas Del Sistema - Tortura Taurina-_UqQ_BPLFfI.mp4": {
            "size": 4.5022993087768555
        },
        "Fallas del Sistema - Dignidad y Rebeld\u00eda-w827zp6r2WI.mp4": {
            "size": 6.157656669616699
        },
        "Fallas del sistema - Alto a la violencia-EHTi0Kh0m-Y.mp4": {
            "size": 25.228635787963867
        },
        "Falling In Love ~ Warner Mack (1958) (C & W - Rockabilly)-1D2MfjSRCpA.mp4": {
            "size": 5.28908634185791
        },
        "Falling and Laughing-MTCCu8t8y-I.mp4": {
            "size": 4.102410316467285
        },
        "Fan\u00e1tico de ti-QSaOdFg1SBM.mp4": {
            "size": 10.031688690185547
        },
        "Farruko - Va a ser abuela (Letra)-pF0emXgNxOw.mp4": {
            "size": 6.331762313842773
        },
        "Fatboy Slim - Weapon Of Choice [Official Video]-wCDIYvFmgW8.mp4": {
            "size": 11.647711753845215
        },
        "Fear Of Ghosts-rvhSAr_Gfq4.mp4": {
            "size": 8.329018592834473
        },
        "Feast or Famine (Black Friday)-alsfXZqJcdE.mp4": {
            "size": 39.11456871032715
        },
        "Feels So Good - Chuck Mangione [FULL VERSION].mp4": {
            "size": 16.687594413757324
        },
        "Felicity-wgl01LTmYKc.mp4": {
            "size": 2.712080955505371
        },
        "Feng Suave - Honey, There's No Time (Official Music Video)-UsqYXbHYkEI.mp4": {
            "size": 21.47080421447754
        },
        "Fern Kinney  -  Groove Me-eObdh83zV24.mp4": {
            "size": 13.04670238494873
        },
        "Filme moi.mp4": {
            "size": 4.6989240646362305
        },
        "First Chance I Get ~ Warner Mack (1958)-DlSD74HTmnA.mp4": {
            "size": 5.501039505004883
        },
        "Fito & Fitipaldis - Acabo de llegar (videoclip oficial)-WVvxcwp3v8Y.mp4": {
            "size": 16.311269760131836
        },
        "Fito & Fitipaldis - Antes de que cuente diez (Videoclip oficial)-275IksF2fQM.mp4": {
            "size": 13.205265998840332
        },
        "Fito & Fitipaldis - Los huesos de los besos (Videoclip oficial)-nmoXDU4BAgI.mp4": {
            "size": 10.551565170288086
        },
        "Fito & Fitipaldis - Me equivocar\u00eda otra vez (Videoclip oficial)-HjF3E2zGNkg.mp4": {
            "size": 18.407638549804688
        },
        "Fito & Fitipaldis - Por la boca vive el pez (Videoclip oficial)-iUXs4Nt3Y7Y.mp4": {
            "size": 19.483450889587402
        },
        "Fito y Fitipaldis - 09 Ojos de Serpiente.mp4": {
            "size": 3.469883918762207
        },
        "Fito&Fitipaldis - Conozco un lugar-ONxwi_J8sZc.mp4": {
            "size": 14.000557899475098
        },
        "Flamenco Diablo-R5NiBESC3Wc.mp4": {
            "size": 5.248906135559082
        },
        "Flippin' In ~ The Virtues (1959)-aJnBmX8mGCk.mp4": {
            "size": 3.5257768630981445
        },
        "Flora Adams - Fire Fire (Subt\u00edtulos  en Espa\u00f1ol).mp4": {
            "size": 7.411503791809082
        },
        "Florentino Ventura-D8lBCGqpzQw.mp4": {
            "size": 7.271662712097168
        },
        "Flyte - Light me up-23fYycfSO20.mp4": {
            "size": 5.849987030029297
        },
        "Flyte - Light me up.mp4": {
            "size": 5.849987030029297
        },
        "Fobia - El Microbito-wKP3Rpq1A1w.mp4": {
            "size": 7.77828311920166
        },
        "Fools Paradise by Buddy Holly-fU4bmVche_4.mp4": {
            "size": 4.259528160095215
        },
        "Fools Paradise by Buddy Holly.mp4": {
            "size": 4.259528160095215
        },
        "For Sentimental Reasons (from One Night Only! Rod Stewart Live at Royal Albert Hall)-rcXS-L-nDao.mp4": {
            "size": 16.25324535369873
        },
        "For Your Love-2Q9wNNlG3v4.mp4": {
            "size": 3.5730295181274414
        },
        "Forakas-6qslomq4McM.mp4": {
            "size": 5.182825088500977
        },
        "Forensic Clinicism_The Sanguine Article-DR-6OEpufVY.mp4": {
            "size": 10.640880584716797
        },
        "Fort Apache - Bonus Track - Fort Apache rules-jrUJCUzO6HY.mp4": {
            "size": 12.085569381713867
        },
        "Franc Moody - Skin on Skin (Official Audio)-j7mNDtWc93o.mp4": {
            "size": 7.701748847961426
        },
        "Franc Moody - Skin on Skin (Official Audio).mp4": {
            "size": 7.701748847961426
        },
        "Franc Moody - Terra Firma-6oWf3lQS6dU.mp4": {
            "size": 13.520918846130371
        },
        "Franc Moody - Terra Firma.mp4": {
            "size": 13.520918846130371
        },
        "Frank Sinatra & Tom Jobim - Baubles, bangles and beads-GXggztdT2XE.mp4": {
            "size": 3.754343032836914
        },
        "Frank Sinatra - We Three (My Echo My Shadow And Me) 1940.mp4": {
            "size": 3.2490129470825195
        },
        "Freddy Fender - Before the Next Teardrop Falls-6PDsPmDpFSw.mp4": {
            "size": 3.8485021591186523
        },
        "Free Bird Lynyrd Skynyrd - Lyrics-bGopskR5jSM.mp4": {
            "size": 9.818367004394531
        },
        "Friedrich II - Concerto For Flute, Strings & Continuo No.1 in G major-_nCTjchIVcw.mp4": {
            "size": 22.41181182861328
        },
        "From First To Last - 'Afterbirth' (Full Album Stream)-ew8akR4RTGY.mp4": {
            "size": 3.067628860473633
        },
        "From First To Last - 'And We All Have A Hell' (Full Album Stream)-ZMRjyKYg1W8.mp4": {
            "size": 3.799673080444336
        },
        "From First To Last - 'Goodbye Waves' (Full Album Stream)-gAlWtnKyi24.mp4": {
            "size": 4.623635292053223
        },
        "From First To Last - 'Heroine' (Full Album Stream)-WaY1UzeA8xk.mp4": {
            "size": 5.336728096008301
        },
        "From First To Last - 'Mothersound' (Full Album Stream)-8xr_vK56bGE.mp4": {
            "size": 3.7752084732055664
        },
        "From First To Last - 'The Crows Are Coming For Us' (Full Album Stream)-DyKbf89BiA8.mp4": {
            "size": 4.618283271789551
        },